scenario,regime,beta,lambda_m,e,delta_phi_num_rad_orbit,delta_phi_analytic_rad_orbit,epsilon_rel
P1_Mercury_ref,physical,1e-08,100000000000.0,0.2056,0.0,6.164737565526957e-09,1.0
P2_small_e,physical,1e-08,100000000000.0,0.01,0.0,5.904736198208863e-09,1.0
P3_small_a_over_lambda,physical,1e-08,100000000000000.0,0.2056,0.0,1.0994184676841516e-14,1.0
P4_large_a_over_lambda,physical,1e-08,1000000000.0,0.2056,0.0,7.787912810750846e-30,7.787912810750846e-10
C1_Mercury_cal,calibration,0.0001,100000000000.0,0.2056,6.000000000039307e-05,6.164737565526957e-05,0.026722559352543748
C2_small_e_cal,calibration,0.0001,100000000000.0,0.01,6.000000000039307e-05,5.904736198208863e-05,0.015877300304970015
C3_mid_e_cal,calibration,0.0001,100000000000.0,0.4,6.000000000039307e-05,7.02874491022505e-05,0.14636253318699602
C4_high_e_cal,calibration,0.0001,100000000000.0,0.8,4.000000000026205e-05,0.00016400404790525123,0.7561035809105704
